MNF,MDF,PeakFrequency,MNP,TTP,SM1,SM2,SM3,FR,PSR,VCF,File
45.946978961967986,48.52294921875,48.828125,106.18064449341819,13697.303139650947,614629.9649377535,1883598569.325192,19041717231602.227,inf,0.6658685016356061,68050.75082617866,10-mean-all
46.96838038009298,49.9267578125,33.63037109375,211.27234896583246,27254.133016592383,1307202.6479162658,2989788276.697873,19674290628658.37,inf,0.5767771686379788,81494.95006627962,20-mean-all
50.364129776216146,52.18505859375,38.51318359375,513.9256576742908,66296.40983998352,3381207.7081347755,7001064145.949692,46829627989404.41,inf,0.5060231033259843,89765.703145268,50-mean-all
51.74290426949139,52.001953125,46.0205078125,1544.795836181128,199278.6628673655,10427702.3759258,63258973048.44273,936672736698398.8,inf,0.5665309785445984,187056.66488489753,80-mean-all
52.54040277964674,53.03955078125,54.01611328125,2056.416295261679,265277.7020887566,13906631.12351165,103004020559.1286,1634340477360813.0,inf,0.6151002344726485,266936.18733163935,100-mean-all
