IEMG,MAV,MAV1,MAV2,SSI,VAR,TM3,TM4,TM5,LOG,RMS,WL,AAC,DASDV,AFB,ZC,MYOP,WAMP,SSC,File
38810.68756284662,77.62137512569323,53.578152526660176,31.747368587832256,7068417.755571667,14165.165842828988,2680321.0163933598,2477020492.319585,1329235227351.1003,7.622242272493284e+64,106.80854177977608,41284.4545551777,82.56890911035539,14206.096169145958,0.07197627207086253,181.875,1.0,238.5625,125.625,10-mean-all
56012.63907459715,112.02527814919429,77.88058997665334,45.733605526775705,13773708.667267641,27602.622579694667,4517747.384513887,5661593820.120441,2500590692322.799,5.500336873465449e+74,152.07307069249396,59226.14717312745,118.45229434625492,28690.735887709492,0.06423627652637212,181.625,1.0,239.625,121.8125,20-mean-all
84985.03457118309,169.97006914236619,122.26338122001582,75.8911037701676,26733495.839387685,53574.139958692744,7746839.365067818,15542050066.057598,6823421035209.442,4.93725574391857e+116,225.13155921997904,97379.38999976063,194.75877999952127,71732.91959292864,0.054020419754880034,189.875,0.9998750000000001,233.6875,128.9375,50-mean-all
141971.1731382634,283.9423462765268,205.71815404659114,129.97620147581625,74327174.77327168,148952.25405465264,19248116.328059204,109821842754.91135,33862472123513.71,3.0062240850643025e+217,365.8785717280789,163327.7866246552,326.65557324931035,204705.4072877703,0.05039794715022458,191.375,1.0,236.75,124.0625,80-mean-all
161784.32582101028,323.5686516420205,235.3230726397682,148.2077003678362,98799038.0362936,197994.0642009892,39407830.77587058,224996769162.8014,133807418742479.77,8.530575899090715e+246,425.40704646493157,186886.22483003995,373.7724496600799,261909.63536672015,0.08675139322607456,194.875,0.9998750000000001,235.6875,124.125,100-mean-all
